K,bin,n_groups,informative_rate,uninformative_rate,mean_group_reward_std,mean_group_reward_std_informative_only,var_centered_reward,var_normalised_advantage,mean_abs_advantage
2,overall,96,0.9375,0.0625,0.3845672607421875,0.410205078125,0.3368348789711793,0.9374814173564774,0.9374907082210674
2,hard,32,0.84375,0.15625,0.49340057373046875,0.5847710503472222,0.5984376166015863,0.8437429903132556,0.8437464951406938
2,medium,32,0.96875,0.03125,0.41237640380859375,0.4256788684475806,0.3040905836969614,0.9687324662020503,0.9687412328214859
2,easy,32,1.0,0.0,0.2479248046875,0.2479248046875,0.10797643661499023,0.9999687955541261,0.9999843967010221
4,overall,48,0.9583333333333334,0.04166666666666663,0.5410043647319412,0.5645262936333301,0.4677260586371024,0.9583276282884473,0.8307160501355989
4,hard,16,0.875,0.125,0.6614877562072954,0.7559860070940518,0.786526813171804,0.8749959487185579,0.7488248252906784
4,medium,16,1.0,0.0,0.5516941225351226,0.5516941225351226,0.4017186826094985,0.9999938126434347,0.8733725373470806
4,easy,16,1.0,0.0,0.4098312154534056,0.4098312154534056,0.21493268013000488,0.9999931235033492,0.8699507877690377
8,overall,24,0.9583333333333334,0.04166666666666663,0.6190544134665206,0.6459698227476736,0.5598951438441873,0.9583290996055105,0.7939282011579724
8,hard,8,0.875,0.125,0.7633688437029319,0.8724215356604937,0.8869009069167078,0.8749973884556075,0.7564107253736314
8,medium,8,1.0,0.0,0.5990220788024174,0.5990220788024174,0.44691224163398147,0.9999956471654694,0.7926193007801597
8,easy,8,1.0,0.0,0.49477231789421244,0.49477231789421244,0.34587228298187256,0.9999942631954548,0.8327545773201261
